{
  "ui_mode": "Dock",
  "kinect_enabled": true,
  "kinect_static_frame no": "kinect_framebuffers.json",
  "vr_input_enabled": true,
  "camera2_vmc_enabled": false,
  "kinect_transform": {
    "position": [0.12620316, 2.435134, 1.9299076],
    "euler_rotation": [148.47508, -0.13849427, -176.70303],
    "scale": [1.0000001, 1.0, 1.0],
    "raw_transform": [
      -1.00222934, 0.03625069, -0.0346105, 0.02667785, 0.87146665, -0.50177901, 0.0338467, -0.53250339, -0.84743627,
      0.0698683, 2.38094235, 1.90655908
    ]
  },
  "kinect_tracker_serial": "LHR-3E4411E3",
  "history_buffer_size": 2,
  "fixed_delay_ms": 500,
  "show_debug_axes": true,
  "show_debug_entities": false,
  "show_debug_coordinate_matchup": false,
  "show_debug_skeleton": true
}
